gakuseki,namae,job,gender,club
H001,高橋 浩一,got,male,no
H002,佐々木 拓也,no,male,yes
H003,佐藤 雅史,got,male,no
H004,山口 直也,no,male,no
H005,加藤 俊樹,no,female,yes
H006,高橋 慧,got,male,yes
H007,橋本 秀一,no,female,yes
H008,市川 浩一,got,male,no
H009,林 敬,no,female,no
H010,秋山 剛,no,male,yes
H011,小野 寛之,no,female,yes
H012,近藤 修司,got,female,no
H013,鈴木 崇博,no,female,no
H014,小島 俊一,no,male,no
H015,木下 徹也,no,female,yes
H016,阿部 弘一,got,female,yes
H017,寺田 秀明,got,female,no
H018,岡 勇,got,male,yes
H019,矢島 剛,no,female,no
H020,藤田 友也,got,male,no
H021,佐藤 孝至,got,male,yes
H022,和田 勇気,no,female,yes
H023,永山 翔太,got,female,yes
H024,宮崎 昭宏,no,male,no
H025,吉川 浩,got,female,yes
H026,多田 圭佑,no,female,no
H027,菊池 基,no,female,yes
H028,河合 謙,got,female,no
H029,平川 明彦,got,male,no
H030,藤井 保夫,got,male,no
H031,石橋 貴行,no,male,yes
H032,内田 智紀,no,female,no
H033,吉永 猛,got,female,no
H034,鈴木 治生,no,female,no
H035,森田 昭弘,got,male,yes
H036,金田 幸男,got,male,no
H037,小谷 圭太,got,male,no
H038,角田 和彦,got,male,yes
H039,玉城 靖,no,male,yes
H040,高橋 圭児,no,female,yes
H041,高橋 顕宏,no,male,yes
H042,有川 勇,got,male,no
H043,武藤 英典,got,male,no
H044,大川 宏太,no,female,no
H045,上野 翔伍,got,male,no
H046,大石 武宏,no,male,yes
H047,上別府 隆,got,female,no
H048,張 克則,got,female,yes
H049,米倉 智広,got,female,yes
H050,水城 亨,no,male,no
H051,小島 充,got,male,yes
H052,今川 高明,no,female,yes
H053,柴崎 功司,no,male,yes
H054,溝渕 正寿,got,male,yes
H055,苅部 知也,got,male,no
H056,大貫 正尚,no,female,yes
H057,木本 匠太,got,female,no
H058,甲賀 幹,got,male,no
H059,波田野 泰志,got,male,no
H060,木之下 行人,no,male,no
H061,藤井 健一,no,male,no
H062,鈴木 秀行,no,female,yes
H063,伊藤 真人,no,male,yes
H064,石井 裕介,no,female,no
H065,松本 康弘,no,female,yes
H066,加藤 寛之,no,female,no
H067,松井 隆,no,male,no
H068,渡辺 俊一,no,female,no
H069,佐藤 直行,got,female,yes
H070,土井 浩,no,male,no
H071,竹内 大輝,got,female,no
H072,田中 靖典,got,male,no
H073,渡邉 達郎,no,female,yes
H074,八木 隼人,got,female,no
H075,大野 隆太,got,male,yes
H076,竹中 智之,no,female,no
H077,阿部 桂一,got,female,no
H078,上野 尚,got,female,yes
H079,山村 肇,no,female,yes
H080,高橋 拓史,got,male,yes
H081,北村 一朗,no,female,yes
H082,手島 豊,got,male,no
H083,中村 大将,no,female,no
H084,加藤 広美,no,male,yes
H085,三浦 隆彦,no,female,yes
H086,安東 孝,no,female,yes
H087,酒井 智紀,got,male,yes
H088,菅野 博志,no,female,yes
H089,平林 貴大,got,male,no
H090,丸山 典明,got,male,no
H091,柏木 真,got,female,yes
H092,前田 友秀,no,female,yes
H093,小口 弘,got,female,yes
H094,南雲 祐輔,got,female,yes
H095,小関 宏之,got,female,no
H096,岡田 晴生,no,female,no
H097,小田 貴寛,no,female,no
H098,白木 大介,no,female,yes
H099,森 奈央,got,female,no
,,,,
,,,,
,,,,
,,,,
,,,,
,,,,
,,,,
,,,,
,,,,
,,,,
,,,,
,,,,
,,,,
,,,,
,,,,
,,,,
,,,,
,,,,
,,,,
,,,,
,,,,
